wilayah,kelompok,lingkungan,jiwa,keluarga,lansia,rt_satu_orang,kk_tercatat,perlu_bantuan,indeks_kerentanan
Patangpuluhan,GBM,Bugisan Kidul,61,23,21,5,23,6,68.9
Gereja Barat Utara,Gereja Induk,Suryowijayan Utara,115,53,27,20,53,10,66.7
Gereja Timur,Gereja Induk,Brontokusuman,117,53,27,20,52,8,63.7
Patehan,Gereja Induk,Ngadisuryan,144,56,37,18,56,10,63.3
Panembahan,Gereja Induk,Langenastran,60,26,22,8,26,0,59.4
Patangpuluhan,GBM,Bugisan Lor,21,9,7,3,9,0,58.4
Gereja Tengah Utara,Gereja Induk,Pugeran Timur,84,31,16,10,31,6,58.1
Gereja Barat Selatan,Gereja Induk,Gedongkiwo Tengah,202,68,40,11,68,24,57.1
Wirobrajan,GBM,Wirobrajan Wetan Lor,70,33,14,13,33,2,55.2
Gereja Tengah Selatan,Gereja Induk,Minggiran Selatan,204,71,38,17,71,17,54.1
Gereja Timur,Gereja Induk,Mantrijeron,102,45,21,17,45,2,53.2
Wirobrajan,GBM,Wirobrajan Kulon Lor,92,37,13,10,37,9,52.7
Gereja Barat Utara,Gereja Induk,Tejokusuman,84,35,17,11,32,3,51.2
Patangpuluhan,GBM,Patangpuluhan Lor,139,50,32,9,50,10,50.4
Gereja Tengah Selatan,Gereja Induk,Suryodiningratan Timur,191,75,39,21,75,8,49.4
Kembaran,Sempu,Kembaran Wetan,126,40,5,6,40,18,48.1
Gereja Tengah Selatan,Gereja Induk,Minggiran Utara,143,59,30,15,59,6,47.4
Gereja Timur,Gereja Induk,Ngadinegaran,89,34,25,6,33,3,46.8
Ketanggungan,GBM,Ketanggungan Lor,121,48,26,14,47,2,46.7
Padokan,Padokan,Padokan Lor,159,58,43,11,58,5,46.6
Patehan,Gereja Induk,Taman Selatan,185,64,33,14,64,10,45.4
Ngestiharjo Lor,GBM,Sonopakis,215,84,38,21,83,10,45.3
Wirobrajan,GBM,Wirobrajan Kulon Kidul,124,42,28,8,42,5,44.8
Gereja Timur,Gereja Induk,Danunegaran,106,37,18,6,37,8,44.3
Ketanggungan,GBM,Ketanggungan Kidul,121,51,19,15,49,4,44.3
Wirobrajan,GBM,Wirobrajan Kulon Tengah,143,45,34,6,45,7,43.8
Panembahan,Gereja Induk,Suryoputran,161,55,30,10,55,9,43.6
Gereja Tengah Utara,Gereja Induk,Kumendaman Utara,136,48,23,12,48,5,43.3
Gereja Tengah Selatan,Gereja Induk,Suryodiningratan Barat,208,73,39,16,73,8,42.9
Patangpuluhan,GBM,Bugisan Wetan,95,38,16,11,38,2,42.8
Gereja Timur,Gereja Induk,Mangkuyudan,181,65,37,13,65,7,42.7
Wirobrajan,GBM,Wirobrajan Wetan Tengah,70,27,15,4,27,4,42.3
Gereja Barat Utara,Gereja Induk,Gendingan,247,81,52,10,81,14,41.7
Gereja Barat Selatan,Gereja Induk,Dukuh Utara,247,81,52,10,81,14,41.7
Patehan,Gereja Induk,Patehan,100,36,24,6,36,3,41.5
Gereja Timur,Gereja Induk,Timuran,131,48,26,10,47,4,41.2
Wirobrajan,GBM,Wirobrajan Wetan Kidul,79,29,14,7,29,2,40.8
Kadipaten,Gereja Induk,Ngasem,143,54,27,13,48,2,39.8
Gereja Timur,Gereja Induk,Jogokaryan,244,89,46,20,84,5,39.8
Bangunjiwo,Sempu,Bangunjiwo Timur,155,52,30,7,52,8,39.6
Ngestiharjo Lor,GBM,Sonosewu,213,78,29,18,77,9,39.5
Panembahan,Gereja Induk,Gamelan,196,78,30,21,70,3,38.9
Gereja Barat Selatan,Gereja Induk,Gedongkiwo Utara,266,98,41,24,88,6,38.8
Gereja Tengah Utara,Gereja Induk,Pugeran Barat,156,64,19,20,64,2,38.7
Gereja Barat Selatan,Gereja Induk,Gedongkiwo Selatan,241,91,46,21,90,3,38.5
Jogonalan,Padokan,Jogonalan Lor 2,186,65,31,9,65,11,38.5
Gereja Barat Utara,Gereja Induk,Suryowijayan Selatan,158,61,34,13,61,1,38.1
Kadipaten,Gereja Induk,Kadipaten Kidul,105,39,21,5,39,5,37.8
Ngestiharjo Lor,GBM,Sidorejo,149,50,23,9,48,6,37.6
Kadipaten,Gereja Induk,Kadipaten Wetan,187,67,37,14,67,2,37.1
Padokan,Padokan,Padokan Kidul Selatan,187,58,21,8,58,12,36.0
Jogonalan,Padokan,Glondong,194,68,28,13,67,7,36.0
Patangpuluhan,GBM,Patangpuluhan Kidul,124,36,14,6,36,6,35.6
Jogonalan,Padokan,Dongkelan,154,59,22,12,52,4,34.9
Bangunharjo,Bangunharjo,Wojo,96,35,10,9,35,2,34.3
Gereja Tengah Utara,Gereja Induk,Kumendaman Selatan,119,42,18,8,42,3,34.2
Bangunjiwo,Sempu,Bangunjiwo Barat,203,73,39,13,66,2,34.0
Patangpuluhan,GBM,Patangpuluhan Wetan,86,21,13,0,21,6,33.9
Padokan,Padokan,Padokan Kidul Tengah,143,43,19,2,43,11,33.9
Jogonalan,Padokan,Kweni,132,46,17,7,46,6,33.2
Patangpuluhan,GBM,Sindurejan Kulon,70,19,19,2,19,0,33.1
Patehan,Gereja Induk,Taman Utara,134,46,22,8,46,2,31.9
Patangpuluhan,GBM,Sindurejan Wetan,118,37,25,3,37,3,31.4
Gereja Barat Utara,Gereja Induk,Serangan,83,28,11,4,28,3,31.0
Ngestiharjo Kidul,GBM,Jomegatan Kulon,191,67,30,8,67,6,30.1
Ngestiharjo Lor,GBM,Nitipuran,143,47,19,7,47,4,29.9
Ketanggungan,GBM,Ketanggungan Wetan,111,40,19,6,38,0,27.4
Jogonalan,Padokan,Jogonalan Kidul,202,67,27,9,67,4,26.9
Padokan,Padokan,Jeblog,124,39,17,7,38,0,26.6
Tamantirto,Sempu,Gunung Sempu Kulon,117,34,17,4,34,2,26.5
Bangunharjo,Bangunharjo,Semail,211,65,33,4,65,7,26.4
Tamantirto,Sempu,Gunung Sempu Wetan,78,22,11,0,22,4,25.3
Ngestiharjo Kidul,GBM,Jomegatan Wetan,130,39,17,2,39,5,24.6
Ngestiharjo Kidul,GBM,Nitiprayan Kidul,222,69,29,6,69,5,23.5
Ngestiharjo Kidul,GBM,Nitiprayan Lor,184,60,18,5,60,7,23.4
Jogonalan,Padokan,Jogonalan Lor 1,199,62,35,4,62,2,23.0
Bangunharjo,Bangunharjo,Druwo,103,37,14,4,37,1,22.5
Tamantirto,Sempu,Tamantirto,180,55,23,4,55,4,22.1
Bangunjiwo,Sempu,Kasongan Permai,120,34,9,2,31,4,20.0
Kembaran,Sempu,Kembaran Kidul,155,49,14,2,49,5,18.0
Kembaran,Sempu,Kembaran Kulon,128,35,10,2,31,3,17.8
Gereja Tengah Selatan,Gereja Induk,Pelem Sewu,211,64,17,8,62,0,16.6
Tamantirto,Sempu,Ngebel,158,52,19,3,52,1,16.1
Bangunharjo,Bangunharjo,Grojogan,87,31,10,2,31,0,14.8
Bangunjiwo,Sempu,Bangunjiwo Serasi,99,28,5,0,26,2,8.8
Bangunjiwo,Sempu,Puspa Prima,185,54,11,2,54,1,8.5
Bangunjiwo,Sempu,Sribitan,98,31,4,2,28,0,7.7
Bangunjiwo,Sempu,Rata Kenanga,57,17,1,1,17,0,5.0
