PAROKI,PAL,KET,KOTA,KEUSKUPAN,NMUSKUP,VIKEP,NMVIKEP,VAL1
30001,,St. Yusuf - Ambarawa,AMBARAWA,30,KEUSKUPAN AGUNG SEMARANG,30001,KEV. SEMARANG,
30002,,St. Yusuf - Gedangan,GEDANGAN,30,KEUSKUPAN AGUNG SEMARANG,30001,KEV. SEMARANG,
30003,,St. Antonius - Purbayan,SOLO,30,KEUSKUPAN AGUNG SEMARANG,30002,KEV. SURAKARTA,
30004,,SPM Ratu Rosario - Semarang,SEMARANG,30,KEUSKUPAN AGUNG SEMARANG,30001,KEV. SEMARANG,
30005,,Keluarga Kudus - Admodirono,SEMARANG,30,KEUSKUPAN AGUNG SEMARANG,30001,KEV. SEMARANG,
30006,,Hati Kudus Tuhan Yesus - Pugeran,YOGYAKARTA,30,KEUSKUPAN AGUNG SEMARANG,30003,KEV. YOGYAKARTA,
30007,,St Thomas Rasul - Bedono,AMBARAWA,30,KEUSKUPAN AGUNG SEMARANG,30001,KEV. SEMARANG,
30008,,St. Yusuf - Bintaran,YOGYAKARTA,30,KEUSKUPAN AGUNG SEMARANG,30003,KEV. YOGYAKARTA,
30009,,St. Paulus Miki - Salatiga,SALATIGA,30,KEUSKUPAN AGUNG SEMARANG,30001,KEV. SEMARANG,
30010,,St. Petrus - Purwosari,SOLO,30,KEUSKUPAN AGUNG SEMARANG,30002,KEV. SURAKARTA,
30011,,St. Isidorus - Sukorejo,SUKOREJO,30,KEUSKUPAN AGUNG SEMARANG,30001,KEV. SEMARANG,
30012,,Hati S. Maria Tak Bercela - Kumetiran,YOGYAKARTA,30,KEUSKUPAN AGUNG SEMARANG,30003,KEV. YOGYAKARTA,
30013,,St. Yusuf - Pati,PATI,30,KEUSKUPAN AGUNG SEMARANG,30001,KEV. SEMARANG,
30014,,St. Yohanes Evangelista - Kudus,KUDUS,30,KEUSKUPAN AGUNG SEMARANG,30001,KEV. SEMARANG,
30015,,St. Petrus & Paulus - Temanggung,TEMANGGUNG,30,KEUSKUPAN AGUNG SEMARANG,30004,KEV. KEDU,
30016,,Marganisngsih - Kalasan,YOGYAKARTA,30,KEUSKUPAN AGUNG SEMARANG,30003,KEV. YOGYAKARTA,
30017,,St. Maria Assumpta - Pakem,YOGYAKARTA,30,KEUSKUPAN AGUNG SEMARANG,30003,KEV. YOGYAKARTA,
30018,,St. Maria Bunda Penasehat - Wates,WATES,30,KEUSKUPAN AGUNG SEMARANG,30003,KEV. YOGYAKARTA,
30019,,St. Theresia Liseux - Boro,BORO,30,KEUSKUPAN AGUNG SEMARANG,30003,KEV. YOGYAKARTA,
30020,,Hati Kudus Tuhan Yesus - Ganjuran,GANJURAN,30,KEUSKUPAN AGUNG SEMARANG,30003,KEV. YOGYAKARTA,
30021,,St. Maria Assumpta - Klaten,KLATEN,30,KEUSKUPAN AGUNG SEMARANG,30002,KEV. SURAKARTA,
30022,,St. Maria Tak Bercela - Nanggulan,NANGGULAN,30,KEUSKUPAN AGUNG SEMARANG,30003,KEV. YOGYAKARTA,
30023,,St. Maria Lourdes - Promosan,PROMASAN,30,KEUSKUPAN AGUNG SEMARANG,30003,KEV. YOGYAKARTA,
30024,,Hati Yesus Yang Maha Kudus - Purwodadi,PURWODADI,30,KEUSKUPAN AGUNG SEMARANG,30001,KEV. SEMARANG,
30025,,St. Maria Bunda Kristus - Wedi,WEDI,30,KEUSKUPAN AGUNG SEMARANG,30002,KEV. SURAKARTA,
30026,,St. Yakobus - Bantul,BANTUL,30,KEUSKUPAN AGUNG SEMARANG,30003,KEV. YOGYAKARTA,
30027,,St. Pius X - Karanganyar,KARANGANYAR,30,KEUSKUPAN AGUNG SEMARANG,30002,KEV. SURAKARTA,
30028,,St. Yusuf Pekerja - Mertoyudan,MAGELANG,30,KEUSKUPAN AGUNG SEMARANG,30004,KEV. KEDU,
30029,,St. Antonius - Muntilan,MUNTILAN,30,KEUSKUPAN AGUNG SEMARANG,30004,KEV. KEDU,
30030,,St. Yohanes Rasul - Somohitan,SOMOHITAN,30,KEUSKUPAN AGUNG SEMARANG,30003,KEV. YOGYAKARTA,
30031,,St. Maria Fatima - Sragen,SRAGEN,30,KEUSKUPAN AGUNG SEMARANG,30002,KEV. SURAKARTA,
30032,,St. Petrus Canisius - Wonosari,WONOSARI,30,KEUSKUPAN AGUNG SEMARANG,30003,KEV. YOGYAKARTA,
30033,,St. Maria Assumpta - Gamping,YOGYAKARTA,30,KEUSKUPAN AGUNG SEMARANG,30003,KEV. YOGYAKARTA,
30034,,St. Ignatius - Magelang,MAGELANG,30,KEUSKUPAN AGUNG SEMARANG,30004,KEV. KEDU,
30035,,St. Maria Regina - Purbowardayan,SOLO,30,KEUSKUPAN AGUNG SEMARANG,30002,KEV. SURAKARTA,
30036,,St. Mikael - Demak,DEMAK,30,KEUSKUPAN AGUNG SEMARANG,30001,KEV. SEMARANG,
30037,,Stella Maris - Jepara,JEPARA,30,KEUSKUPAN AGUNG SEMARANG,30001,KEV. SEMARANG,
30038,,Hati Tak Bernoda SPM - Boyolali,BOYOLALI,30,KEUSKUPAN AGUNG SEMARANG,30002,KEV. SURAKARTA,
30039,,Kristus Raja - Baciro,YOGYAKARTA,30,KEUSKUPAN AGUNG SEMARANG,30003,KEV. YOGYAKARTA,
30040,,St. Fransciscus Xaverius - Kebondalem,SEMARANG,30,KEUSKUPAN AGUNG SEMARANG,30001,KEV. SEMARANG,
30041,,St. Yosef - Medari,MEDARI,30,KEUSKUPAN AGUNG SEMARANG,30004,KEV. KEDU,
30042,,St. Yohanes Rasul - Delanggu,DELANGGU,30,KEUSKUPAN AGUNG SEMARANG,30002,KEV. SURAKARTA,
30043,,San Inigo - Dirjodipuran,SOLO,30,KEUSKUPAN AGUNG SEMARANG,30002,KEV. SURAKARTA,
30044,,St. Petrus & Paulus - Klepu,KLEPU,30,KEUSKUPAN AGUNG SEMARANG,30003,KEV. YOGYAKARTA,
30045,,St. Yusuf - Baturetno,BATURETNO,30,KEUSKUPAN AGUNG SEMARANG,30002,KEV. SURAKARTA,
30046,,Albertus Magnus - Jetis,YOGYAKARTA,30,KEUSKUPAN AGUNG SEMARANG,30003,KEV. YOGYAKARTA,
30047,,St. Stephanus - Jumapolo,JUMAPOLO,30,KEUSKUPAN AGUNG SEMARANG,30002,KEV. SURAKARTA,
30048,,St. Antonius Padua - Kendal,KENDAL,30,KEUSKUPAN AGUNG SEMARANG,30001,KEV. SEMARANG,
30049,,St. Athanasius Agung - Karang Panas,SEMARANG,30,KEUSKUPAN AGUNG SEMARANG,30001,KEV. SEMARANG,
30050,,Mater Dei - Lampersari,SEMARANG,30,KEUSKUPAN AGUNG SEMARANG,30001,KEV. SEMARANG,
30051,,St. Petrus & Paulus - Babadan,YOGYAKARTA,30,KEUSKUPAN AGUNG SEMARANG,30003,KEV. YOGYAKARTA,
30052,,St. Maria - Kartasura,KARTASUR,30,KEUSKUPAN AGUNG SEMARANG,30002,KEV. SURAKARTA,
30053,,St. Maria La Salette - Juwana,JUWANA,30,KEUSKUPAN AGUNG SEMARANG,30001,KEV. SEMARANG,
30054,,St. Theresia - Jombor,JOMBOR,30,KEUSKUPAN AGUNG SEMARANG,30002,KEV. SURAKARTA,
30055,,St. Theresia - Sedayu,SEDAYU,30,KEUSKUPAN AGUNG SEMARANG,30003,KEV. YOGYAKARTA,
30056,,Kristus Raja - Ungaran,UNGARAN,30,KEUSKUPAN AGUNG SEMARANG,30001,KEV. SEMARANG,
30057,,Hati Kudus Tuhan Yesus - Simo,SIMO,30,KEUSKUPAN AGUNG SEMARANG,30002,KEV. SURAKARTA,
30058,,St. Theresia - Bongsari,SEMARANG,30,KEUSKUPAN AGUNG SEMARANG,30001,KEV. SEMARANG,
30059,,St. Aloysius Gonzaga - Mlati,YOGYAKARTA,30,KEUSKUPAN AGUNG SEMARANG,30003,KEV. YOGYAKARTA,
30060,,St. Maria Lourdes - Sumber,SUMBER,30,KEUSKUPAN AGUNG SEMARANG,30004,KEV. KEDU,
30061,,St. Yohanes Rasul - Wonogiri,WONOGIRI,30,KEUSKUPAN AGUNG SEMARANG,30002,KEV. SURAKARTA,
30062,,St. Franciscus Xaverius - Kidulloji,YOGYAKARTA,30,KEUSKUPAN AGUNG SEMARANG,30003,KEV. YOGYAKARTA,
30063,,Hati  Kudus Yesus - Sukoharjo,SUKOHARJO,30,KEUSKUPAN AGUNG SEMARANG,30002,KEV. SURAKARTA,
30064,,Kristus Raja - Solo Baru,SOLO,30,KEUSKUPAN AGUNG SEMARANG,30002,KEV. SURAKARTA,
30065,,St. Paulus - Sendanguwo,SENDANGGUWO,30,KEUSKUPAN AGUNG SEMARANG,30001,KEV. SEMARANG,
30066,,St. Maria - Fatima - Magelang,MAGELANG,30,KEUSKUPAN AGUNG SEMARANG,30004,KEV. KEDU,
30067,,St. Kristoforus - Tumpang,TUMPANG,30,KEUSKUPAN AGUNG SEMARANG,30004,KEV. KEDU,
30068,,St. Maria - Gubug,GUBUG,30,KEUSKUPAN AGUNG SEMARANG,30001,KEV. SEMARANG,
30069,,St. Antonius - Kotabaru,YOGYAKARTA,30,KEUSKUPAN AGUNG SEMARANG,30003,KEV. YOGYAKARTA,
30070,,St. Theresia - Salam,SALAM,30,KEUSKUPAN AGUNG SEMARANG,30004,KEV. KEDU,
30071,,St. Stanislaus - Girisonta,UNGARAN,30,KEUSKUPAN AGUNG SEMARANG,30001,KEV. SEMARANG,
30072,,St. Petrus & Paulus - Minomartani,YOGYAKARTA,30,KEUSKUPAN AGUNG SEMARANG,30003,KEV. YOGYAKARTA,
30073,,St. Maria Assumpta - Babarsari,YOGYAKARTA,30,KEUSKUPAN AGUNG SEMARANG,30003,KEV. YOGYAKARTA,
30074,,St. Alfonsus de Ligouri - Nandan,YOGYAKARTA,30,KEUSKUPAN AGUNG SEMARANG,30003,KEV. YOGYAKARTA,
30075,,St. Maria Fatima - Banyumanik,SEMARANG,30,KEUSKUPAN AGUNG SEMARANG,30001,KEV. SEMARANG,
30076,,St. Maria Diangkat ke Surga - Palur,PALUR,30,KEUSKUPAN AGUNG SEMARANG,30002,KEV. SURAKARTA,
30077,,St. Mikael - Panca Arga,MAGELANG,30,KEUSKUPAN AGUNG SEMARANG,30004,KEV. KEDU,
30078,,Keluarga Kudus - Parakan,PARAKAN,30,KEUSKUPAN AGUNG SEMARANG,30004,KEV. KEDU,
30079,,Keluarga Kudus - Banteng,YOGYAKARTA,30,KEUSKUPAN AGUNG SEMARANG,30003,KEV. YOGYAKARTA,
30080,,St. Paulus - Kleca,SOLO,30,KEUSKUPAN AGUNG SEMARANG,30002,KEV. SURAKARTA,
30081,,St. Martinus - Waleri,WALERI,30,KEUSKUPAN AGUNG SEMARANG,30001,KEV. SEMARANG,
30082,,Hati Kudus - Tanah Mas,SEMARANG,30,KEUSKUPAN AGUNG SEMARANG,30001,KEV. SEMARANG,
30083,,St. Ignatius - Danan,DANAN,30,KEUSKUPAN AGUNG SEMARANG,30002,KEV. SURAKARTA,
30084,,Roh Kudus - Kebunarum,KLATEN,30,KEUSKUPAN AGUNG SEMARANG,30002,KEV. SURAKARTA,
30085,,St. Yohanes Rasul - Pringwulung,YOGYAKARTA,30,KEUSKUPAN AGUNG SEMARANG,30003,KEV. YOGYAKARTA,
30086,,St. Yusuf Pekerrja - Gondangwinangun,GONDANG,30,KEUSKUPAN AGUNG SEMARANG,30002,KEV. SURAKARTA,
30087,,St. Yusuf - Bandung,WONOSARI,30,KEUSKUPAN AGUNG SEMARANG,30003,KEV. YOGYAKARTA,
30088,,St. Petrus & Paulus - Kelor,WONOSARI,30,KEUSKUPAN AGUNG SEMARANG,30003,KEV. YOGYAKARTA,
30089,,St. Mikael - Adiscipto,YOGYAKARTA,30,KEUSKUPAN AGUNG SEMARANG,30003,KEV. YOGYAKARTA,
30090,,Kuasi Paroki Tegalrejo,TEGALREJO,30,KEUSKUPAN AGUNG SEMARANG,30001,KEV. SEMARANG,
30091,,St. Paulus - Pringgolayan,YOGYAKARTA,30,KEUSKUPAN AGUNG SEMARANG,30003,KEV. YOGYAKARTA,
30092,,St. Petrus - Sambiroto,SEMARANG,30,KEUSKUPAN AGUNG SEMARANG,30001,KEV. SEMARANG,
30093,,St. Mikael - Semarang Indah,SEMARANG,30,KEUSKUPAN AGUNG SEMARANG,30001,KEV. SEMARANG,
30094,,St. Ignatius - Krapyak Bongsari,SEMARANG,30,KEUSKUPAN AGUNG SEMARANG,30001,KEV. SEMARANG,
30095,,Kuasi Paroki Dalem,DALEM-KLATEN,30,KEUSKUPAN AGUNG SEMARANG,30002,KEV. SURAKARTA,
30096,,Kuasi Paroki Bayat,BAYAT,30,KEUSKUPAN AGUNG SEMARANG,30002,KEV. SURAKARTA,
30097,,Kuasi Paroki Cawas,CAWAS,30,KEUSKUPAN AGUNG SEMARANG,30002,KEV. SURAKARTA,
30098,,Kuasi Paroki Gemolong,GEMOLONG,30,KEUSKUPAN AGUNG SEMARANG,30002,KEV. SURAKARTA,
30099,,Kuasi Paroki  Pelem Dukuh,NANGGULAN,30,KEUSKUPAN AGUNG SEMARANG,30003,KEV. YOGYAKARTA,
30100,,St. Aloysius Gonzaga,Mojosongo - Solo,30,KEUSKUPAN AGUNG SEMARANG,30002,KEV. SURAKARTA,
30101,,St. Petrus - WARAK,Warak-Sleman,30,KEUSKUPAN AGUNG SEMARANG,30003,KEV. YOGYAKARTA,
